experiment_id,mean,std
1,48.88660717117828,8.801222375320776
2,48.72053516085065,9.45032627715873
3,48.42534363284614,8.382924937311518
4,48.79683587913521,8.401799137510585
5,47.69467532725349,8.305700193641762
6,47.950877050153466,9.637246321125277
7,49.09347712338521,9.508222671357428
8,48.70016048144024,8.990210623587576
9,47.4926244045456,9.29763458385323
10,48.47148939945865,9.59696762873543
11,49.16916999789431,8.519206434341873
12,51.997255771916244,9.23746004283098
13,47.44984765169559,7.928382822969571
14,49.49744727399941,8.654112853401541
15,49.470195850201726,8.171599710849428
16,49.75769492013398,7.797492292035016
17,48.01809812626403,9.25955462392816
18,46.75727944956699,9.37333453912221
19,49.86064188610819,10.132929411125687
20,48.50907114847792,8.94259537939796
21,47.79879035947466,8.572450833396399
22,49.719217712435245,9.463449341221265
23,49.662197651395175,9.715225103586658
24,49.994136078916114,8.729957007405835
25,49.69741247607346,9.268488466166216
26,49.88377069895375,9.682786162654796
27,50.423003976739125,9.412679284980388
28,48.473440468488924,8.943991755213911
29,47.99024784333891,9.961558775856965
30,48.48116693251311,9.353926890133259
31,49.6628272034315,9.315213202224037
32,49.76797233718174,8.657677607828488
33,47.538967008184635,8.714232631606327
34,49.47586834454995,8.931260183497399
35,49.343562725085384,8.599828257689264
36,49.418682714051585,9.63534616088643
37,48.144326908772534,8.329233635539497
38,49.165041621545015,9.960778031583347
39,48.476809348850956,9.097155817175457
40,50.60474779670225,8.072895750195316
41,48.897088169270326,9.209568569240213
42,48.34403035577309,9.164675885217505
43,50.302825423619694,8.018182173119474
44,48.31018349879189,8.694341397669469
45,49.345404607387636,9.337816831816825
46,48.770874105832654,8.665470504031283
47,48.8429996953374,9.680825695747304
48,50.594609485404824,8.579125602684684
49,48.874497029577306,7.911348174846476
50,48.82472451362236,8.926403421136001
51,49.068655336625596,8.25669454576461
52,48.58348218623198,10.641382158319558
53,48.89341830994428,9.403119597344938
54,48.15006363790485,8.856191783767844
55,49.94428435228194,9.370018662243801
56,49.262633800317474,8.90444565307888
57,49.40126114575273,9.398959417593073
58,48.8392762844787,8.551153302417534
59,48.7158811396412,9.942798584434048
60,50.14996716115155,9.009499221099098
61,46.689962226287335,8.497366731983497
62,48.337758238786876,9.828801363577542
63,47.72613107927872,8.952584261994279
64,49.166014058671884,8.801622565490936
65,48.99412094683232,9.836803625502247
66,49.05782999380825,8.597233755941383
67,49.67128174973273,8.540305056265588
68,49.54761327420766,8.895941758877976
69,48.15057336000995,9.252202932629398
70,50.041672206096045,8.820234131597942
71,47.34745976438015,9.874773376067028
72,48.72948682873002,8.122624403927501
73,49.570817615349995,8.289837318693671
74,49.67551606781403,8.517668158703215
75,47.85993677151028,9.84805954263313
76,49.553648101273154,7.982337454655043
77,48.88095274284427,8.730097946980507
78,48.77608298663989,9.172904191101102
79,49.327026173212715,8.807006614311575
80,49.64821981198069,9.07777358990399
81,48.59991539423315,7.954074098362165
82,49.56299823320687,8.343026499703875
83,49.616720836889066,9.480283009879248
84,50.21296718824066,8.895496029354248
85,48.04354980746612,9.007998773686241
86,48.78522764171996,9.308809169006414
87,48.58906997812308,8.937401637927776
88,49.85678163483079,9.379592779297612
89,48.966100662845875,8.321819096827076
90,49.51939605009889,8.165114652514834
91,48.42045969091212,7.93498954249053
92,49.1948784682013,8.853497815165705
93,48.554747472845946,8.484267485826336
94,48.25581032103068,8.85532429423565
95,48.50846273154584,10.301639793052017
96,50.12249425700124,8.769513941180971
97,49.34322944700521,7.713308635003004
98,47.75017119073518,8.598159758025107
99,47.67845891176976,8.430585304667435
100,48.428585758366815,9.535280986319998
101,49.18261731723818,7.276383266957695
102,48.05314644705657,8.863189535634342
103,49.07838715943716,9.944685807011727
104,50.44787510414153,8.876363858792768
105,49.12691128212127,9.644382274185839
106,48.596658394967534,9.953964332330026
107,48.52760310894064,8.347812574867172
108,48.033685461961085,8.529793021716813
109,47.602631283536724,9.700522916993897
110,49.0153780410053,7.915854535663768
111,49.74599685793035,8.523608390426237
112,49.10905431496396,8.781842703679624
113,48.246853084923366,9.795642799197935
114,47.0721029348411,9.125098063843511
115,50.4884033073662,8.160682434613188
116,50.306010501743124,8.435222239101648
117,48.36914554654141,9.085570217259763
118,48.83274760705936,8.653108547577405
119,50.26082004795784,8.657235118320173
120,49.718063279948566,10.37116097652721
121,50.38381578570377,8.112647529108147
122,51.28322997875291,9.654074496682483
123,48.97460083719929,8.378082938429493
124,50.2930234146775,8.873831719302338
125,50.13833363421986,9.919892278322887
126,48.58388227182652,7.94957982932284
127,49.9270521098075,8.861747659994213
128,49.964723203290696,9.167120637545924
129,47.548483113124206,9.091691519186634
130,48.701494252775646,8.840948265084384
131,48.04208702647461,8.660440801840107
132,48.54638791187091,9.621275224931958
133,48.741589795326284,9.434563540575768
134,50.25648134059244,9.221088262776272
135,50.4696157393607,8.146797656253652
136,47.46540542541871,8.185570795090685
137,48.0473149607629,9.886778559433333
138,48.34628751577661,8.687918902526286
139,47.5946347884865,8.599361121349624
140,48.93187368424667,8.621599934879919
141,48.19003369459679,8.509233953936066
142,50.01119388074366,8.20996040509839
143,49.343612735425424,8.63115170027329
144,49.01671178316967,9.53923967105803
145,48.52454309820326,9.736498580242158
146,49.66352706659972,8.348683448059818
147,50.015155621243274,9.106849858313737
148,49.077693775967774,7.798107944603671
149,49.114259339348685,9.868872837578884
150,50.265553373162746,8.96763554343567
151,47.45433121848331,9.605911582151801
152,48.78919210223927,9.372577263676044
153,49.16264943099794,9.09739554547411
154,48.9982855591609,9.599359111830418
155,47.84679743393562,10.0876582097515
156,48.20411934106105,9.664930391894591
157,49.71351509911372,9.251226555905824
158,49.05280485594287,9.355471554391714
159,49.02414282044844,8.217446429224816
160,49.27870079687753,8.541369103357956
161,48.7318156440006,9.590301604683113
162,47.73409710734824,8.649102977678684
163,48.06848021891555,8.998851247796448
164,48.49796156366349,8.43555177591995
165,48.84285102368683,8.790305603937174
166,49.79814813517184,8.717771119794948
167,47.01367769054536,8.743278613793558
168,46.20540096397105,10.892196592485826
169,48.87346286123424,10.151323836694013
170,48.30156288325056,10.537075802821859
171,48.32128072663955,9.105906594773327
172,48.97404398672554,9.84543974993793
173,48.8439951660631,9.03723425509755
174,49.14048730194265,8.472959456471521
175,49.18613830138455,9.088953857613523
176,49.12411813825189,8.927959671771108
177,49.2156442638142,8.358555125571726
178,48.466560964056214,9.484528751424273
179,47.577905571979734,9.475751508389552
180,47.92827137343439,9.400762097352311
181,48.27376195573474,9.81718064598922
182,48.7171347533545,8.72428627911994
183,49.39936206375674,9.734938981786557
184,50.2883234900016,9.162656676069822
185,50.40294078125176,8.7591690206352
186,50.568357078749685,8.440162555110492
187,47.706536931983585,9.37692516070262
188,49.22972317756596,9.430016968451634
189,50.49917934839452,9.237765164366222
190,49.601345090013375,8.427171704901157
191,49.42793082552041,9.331206082894079
192,50.6282997700915,9.084765808488854
193,49.333525065680846,8.81820296475661
194,48.10862679345903,9.23956089308923
195,48.77835594327625,8.878398317264933
196,48.868350549221205,9.605309095206222
197,47.9866456997749,9.088767238143454
198,49.54300099432999,9.556418588007165
199,48.233336803261956,8.63590132007403
200,50.29560177210553,8.47125041480029
201,48.741254779286464,8.55774332249022
202,48.20644533672481,9.987290387001226
203,48.78969892024277,9.593732638815192
204,50.30218470805851,7.967725163980425
205,47.589206921773446,9.089297272868432
206,50.20918094218694,8.423908461356582
207,48.45949436400877,9.812178844971916
208,47.61385258025923,9.021337239237445
209,49.66195562187609,8.562678016820053
210,49.97494050242727,9.469596340210055
211,48.383255863722255,10.223908951700649
212,50.28921661029342,8.752961068185845
213,48.81139554993638,7.501665201568929
214,48.352706490078326,8.991957161830163
215,50.93295369771822,8.89072792887992
216,47.92159762195667,8.08594031359711
217,48.483871311165906,9.058436736869739
218,50.000870641553476,8.08578385216558
219,49.86163384618394,9.569065924829426
220,48.06205839819043,10.23218314513175
221,49.12177693445058,8.829230941812588
222,50.79192041626755,8.48650251864818
223,49.4256092912584,8.592992977891672
224,49.36229074806255,9.204572690497095
225,48.5499370180565,8.501743717370006
226,48.82775479256233,9.290444199231874
227,48.35023912414904,9.002524566847232
228,48.659529962284545,9.998483766719355
229,49.14272765127962,9.814292383001064
230,50.42678621512434,8.048948973474667
231,50.09120109260941,8.566642203708621
232,50.06387511091939,9.226262012900841
233,50.185674684071344,9.590407668310934
234,50.84117432568089,8.32906936841346
235,49.4642002783766,8.959709164373253
236,48.031139653327266,10.027718754678569
237,46.71949145339625,8.15416746721543
238,48.193396824261924,8.186962655740487
239,48.42072479919522,9.536169814558525
240,49.57043601704745,10.150830470759573
241,49.670699540629585,8.023147848290552
242,49.00572267451168,8.973945620279244
243,49.678832980290736,9.213328885800129
244,50.271203158976235,9.188007054475612
245,47.123996411841716,8.607203791064425
246,47.42563677892187,8.306499125438219
247,49.977292524075175,8.265271571293086
248,48.89986629503028,8.535324539257635
249,49.64803956261319,8.140269930944308
250,48.32264267007707,9.842096218513097
251,49.11134179502526,7.8451992466283516
252,49.369764268017626,9.420061465604501
253,49.596398725535465,8.994688121184206
254,48.41284829711708,8.632337913874123
255,49.007288140148276,8.6256980864562
256,47.99337747205783,9.175522340255846
257,48.55100293351093,9.279846297592636
258,49.12672178962736,8.245626305193916
259,46.90664542360551,8.688812978825359
260,49.46525701752407,8.275482000862864
261,46.64277549030813,8.974494477052069
262,50.22257494710907,8.344810108769389
263,49.22989895206411,7.98791779141822
264,48.20425797137665,9.525129770424691
265,48.91927103461733,9.991150581738474
266,50.607769218116765,7.923519139100993
267,47.29164394777962,8.800014909906777
268,49.756301812425384,8.58617203698944
269,47.51119502465733,9.816507290753993
270,48.86562582268639,8.848101406788816
271,50.65448237030666,8.425132051763597
272,48.0226351443219,9.954715902747648
273,48.45782069134472,8.668151623925784
274,49.68200104913942,8.813639473666049
275,48.11540687656237,8.349328082277623
276,48.44772309824208,9.32846279671023
277,47.855036101832255,9.055043113023057
278,49.60915458618475,8.351178768424301
279,49.44422654339775,8.558261350522613
280,48.85406393014036,8.927744969178482
281,48.85153467735245,8.992915637409467
282,48.65297206866297,8.773264055065171
283,49.02102807105079,7.962542250944742
284,49.15410290809141,8.143080753318761
285,49.67080761158314,8.404332274313841
286,46.64675208092487,8.596324267059183
287,48.89103296837178,9.177233498728526
288,48.414743406039086,11.224757576061851
289,48.33652635981376,8.610604983461515
290,49.57131453292433,7.783874898845327
291,48.98296242614635,9.25509489533016
292,48.50453553836268,8.077291959103174
293,49.14518194194114,8.917117761064814
294,48.43375909492644,9.247540921243793
295,50.280655401634355,8.634685009354403
296,50.114709021788414,9.998328499875816
297,48.78603368837776,9.61613855739394
298,48.55731416480668,9.613450334550798
299,47.88213881762833,9.522169169898548
300,49.11850189625053,8.79545005845315
301,49.11510176360112,9.001290103284353
302,50.355085795251064,8.610202223371367
303,49.92094157747284,8.668688008123555
304,48.953907711219266,8.999194265625858
305,49.66801124460904,8.990460187361933
306,49.58990262949363,8.979524246556378
307,47.21636176381571,7.965133254015112
308,50.324835178831265,10.110289823147236
309,48.17977245048912,8.488412741959348
310,48.65962954168306,9.489622082045944
311,49.597038536171404,9.002357417704914
312,49.559156115616844,8.407463475562238
313,49.88535982826565,8.991377388097535
314,50.766541416156066,8.272325967623686
315,49.64514379013016,8.221329851345402
316,49.146719975355154,8.945787330918595
317,47.86376016111779,9.057077344125066
318,47.57067287906437,8.291977879024412
319,49.20384381961432,9.225384696245568
320,47.756693804479,9.921434808379953
321,49.284040961418825,8.114428308979006
322,47.833433674507866,9.176527515190475
323,49.89197194279394,8.762249094004945
324,49.62747525181187,8.46783823004728
325,48.58947641430082,9.369269441733628
326,48.4750632385586,9.292471602099281
327,49.471448450046346,8.818053824841057
328,48.17544142830925,10.272665369017073
329,49.223451162748134,8.97415262247313
330,49.449597337220666,8.151193911689115
331,49.79258626548228,9.252864095385654
332,49.873731183924335,10.247734997157561
333,49.505620369486444,8.569467655507912
334,48.508971734660534,9.15625638132916
335,50.08646571534755,8.481088705448366
336,48.395049997517326,9.146222817043274
337,49.45802507120838,9.450218634010183
338,49.11587502181259,8.031078126184509
339,50.57257194309428,7.830097599040236
340,48.524749738588106,9.802349032822644
341,47.72651807527411,9.054087831312698
342,48.54187910363716,8.74931107178346
343,48.89215822676792,9.372276964339031
344,48.881709066347646,8.515352297652338
345,47.8984235803111,8.678624396177101
346,48.89346488820775,8.814341599186799
347,48.37418060086607,8.04385530880638
348,47.440644476640564,9.546367405610887
349,49.31250308433028,9.05777772897111
350,49.72680462543829,9.038634868743584
351,49.60071366946955,8.79147271557143
352,48.01959741151554,8.455966997667463
353,50.45026513276798,8.425274902252017
354,47.039962066127416,9.97416973496199
355,49.34862791772273,10.479411356449727
356,48.60924010719515,8.7785072809896
357,49.97334105167117,8.139402068270286
358,49.614243148476255,8.680479912484927
359,48.4032518800332,8.653988809250857
360,49.16236543818931,9.64443183845772
361,48.971299833326285,8.767960762366343
362,48.7879308245527,9.688263847551793
363,48.43158728070992,9.997699245126725
364,49.20392875082641,8.650946658843816
365,51.286659337898485,9.586253461600094
366,49.32394710880077,8.253935059088963
367,47.916530241980034,8.839607698077339
368,50.18289244608032,9.199118192521716
369,47.67595236567079,9.004862340892844
370,49.556057731209684,7.908628977729646
371,48.30742080127693,9.27133605549732
372,49.26717018446808,9.326961290212884
373,48.23584533457756,9.702894967207861
374,50.62289033846666,9.275806064502012
375,47.48831581199266,10.000670849152304
376,49.40030769378586,8.181247182953785
377,48.53276079030576,9.5641369685884
378,49.01146344798612,8.654590459928029
379,50.39559496855409,9.201437830539058
380,48.638848262394816,9.562219207400902
381,48.77136018380574,9.233684066798146
382,49.98828200736384,8.275395159175673
383,48.241801317100006,7.8201553216469115
384,46.822066606861405,9.979316427229806
385,50.05167311878982,9.203680906268964
386,49.41565798238685,8.54750576765569
387,49.2585493546339,9.144435327332099
388,48.870787256413834,8.320214806733617
389,50.20487757977533,8.982063396486387
390,50.556239315471764,9.416044219840826
391,49.38307337088974,9.074001192278402
392,49.2147704340076,9.191908949922993
393,48.231372497834485,9.306831897378112
394,49.66692290603055,9.2692280794025
395,49.76471908805026,8.618816744516488
396,48.873663001336844,10.081829794957672
397,48.05445878066848,8.907901755189599
398,48.72870851591328,8.645834986418624
399,48.85472649840789,9.358369099740854
400,49.50155660015188,8.876181562391292
401,47.98109104526625,8.391102769706603
402,49.65665103490519,8.837617906879222
403,47.9996435261805,9.129570128891018
404,48.959359264968235,8.804146716887308
405,48.55885916038811,9.52169976827517
406,49.0062175959498,9.169960079529952
407,48.77410957049644,8.927365761932043
408,48.6919909165837,8.162067982670067
409,47.96564211494177,8.845137142429389
410,50.59714282563721,9.152357210513303
411,48.469215033053025,8.223375863169487
412,47.84066806853403,8.90633481725516
413,48.99402591418227,9.42782188585327
414,49.82867133880819,9.896907012513264
415,49.0213840126379,10.122727308554449
416,48.97863039221525,7.5386844866041285
417,49.4253306706908,8.341835279842266
418,48.318062386498134,9.40033840034933
419,50.436154554114,8.63630678256926
420,49.65857272650844,9.572709206493254
421,49.84370658073278,9.553940117545952
422,47.870552184669926,8.909427314700098
423,48.77052836856629,8.726138821248943
424,47.660274538096544,9.727128490812039
425,48.95903012302398,9.77308495583866
426,47.804579530440236,8.456873330225788
427,48.747863284143115,9.13552921626403
428,48.6522980439633,9.257028536301052
429,48.895397759394584,8.62082380097587
430,48.66374325829534,8.443931696026102
431,50.93960344778524,10.121202493596403
432,49.255385056357824,7.663624104264573
433,48.82923881128403,9.47091992498025
434,49.08349325414636,9.51205098416064
435,49.394545741891406,8.824444730483119
436,48.55289426569187,7.876018079960813
437,50.54396075996933,8.46150117372984
438,50.00209719681995,8.723657203711156
439,48.4945503276516,9.302497320670815
440,50.1451598714618,8.399891509908596
441,48.44644714878932,8.715580830121663
442,48.88548673278212,9.976926470970746
443,49.834469428052714,8.746698367689326
444,48.98724619451741,9.146464581573055
445,49.68443210850962,8.01553649177784
446,47.745787398477454,9.666560773481583
447,47.92659765597026,8.85955543386861
448,48.62800548764127,8.586245205522347
449,49.412445937456525,9.23985002653611
450,49.52719584124985,8.890857330322136
451,49.29868276550887,9.148238433859818
452,49.581535588361646,8.977447751095765
453,49.57439047388962,9.082681006168801
454,49.390991871957176,8.59749909002482
455,49.22468424336299,8.296754534545064
456,48.46552541847522,9.050661632712472
457,49.86936956587167,10.019597294634101
458,48.44364596397485,8.552775429813599
459,48.43678184232555,10.375341358817826
460,49.487989119588036,8.122191466552312
461,48.44534446568026,8.771890230217094
462,46.879226425480596,8.827099951741522
463,47.90017834059958,8.830450717611072
464,49.2781038313964,9.145392940814116
465,49.16271416909825,9.000899536365832
466,48.023099922997574,8.983837591189612
467,49.34726468003119,8.51405652827594
468,49.836277991542474,9.4655003236381
469,49.93044382417129,9.334068364269449
470,48.76856860950432,8.671446519297104
471,48.54300584412005,10.339957789794664
472,47.90390850578073,9.577646603331907
473,49.0021865796985,9.075930155576954
474,49.66576846735299,10.13503956713704
475,48.66098031056948,7.936661399361521
476,49.27502504897066,9.11049942210508
477,48.8428265772764,10.362259620681137
478,49.45659670661179,9.182122177842944
479,49.80352374668451,9.692450334320455
480,49.62086732420391,10.12926983570789
481,49.48134015369678,8.811685837285678
482,49.81482440314485,8.596902124455148
483,47.78729378781726,8.539981952209859
484,48.848744744347066,9.18350277495383
485,49.83341441307687,8.072547335292588
486,48.13305713455006,8.24065546173477
487,49.849493344200965,8.397955301596136
488,48.82383243233277,9.344365330695727
489,49.1745708859539,8.521685835650734
490,48.61046863769196,9.230232657813701
491,47.71270973560792,8.8467210996861
492,49.41437008828279,8.868648905305122
493,49.8364316040012,8.367671645326354
494,51.11755335264902,8.148824392762362
495,48.1621664996813,8.89745341357254
496,49.93924033399301,8.898295935903073
497,49.61544416863974,9.281264812345615
498,50.85465614767444,9.131801358726104
499,49.45139338394516,8.765542994106228
500,46.418394607019806,8.094113234249598
501,48.062525692680964,8.27072502083112
502,48.323764662187486,8.950630866332665
503,48.18562412397822,9.758764324874269
504,48.712754531883704,9.356787654364865
505,47.662649144475196,9.53621079629958
506,48.332114122187825,8.929051708063533
507,48.936582959835896,8.65065691442952
508,48.84052812083406,8.248372013850993
509,49.39417072190068,9.058438281800505
510,48.27434159952593,8.62203822304416
511,48.29166129211651,9.57780024945887
512,50.61570270485222,8.308428266414372
513,49.91743130269303,8.675029185009745
514,49.227584926117885,9.26020557590372
515,49.253165965447785,8.719231748671088
516,47.90631655721129,8.265650746285301
517,47.89115272792538,9.082560571393245
518,49.14240309942679,9.05416676491884
519,49.32924356995383,8.395603936454828
520,49.823224554958706,10.183368212122623
521,49.325931388533014,9.73351891834442
522,49.99568649606425,7.940193245457825
523,48.55700559114208,7.985015886130467
524,49.632353554525665,8.787828876091197
525,47.68099412317827,7.033383612340994
526,48.762256862967654,8.849382007567797
527,48.35698280674065,9.61770875793931
528,49.19648936970999,8.129399528757816
529,48.65229368326426,8.399240250162046
530,47.89571418434107,9.172715430301436
531,48.49989746096864,9.837935848750169
532,48.55549159314516,8.629680816467646
533,49.17073919729475,8.790036349907997
534,48.39413354721647,8.22663478007994
535,50.16592240293876,8.744902207162484
536,50.6739954760834,9.983558340830562
537,49.90488495890909,8.978662434411419
538,48.03494404575446,7.908445553476848
539,48.247496599050095,7.865734145936607
540,49.85257363503329,9.99143199454732
541,50.138855704649075,8.341210066162047
542,47.420256468741655,8.561207670515458
543,46.81879036915806,8.828663017375128
544,48.505975694448146,9.12353895179562
545,49.17031118318348,8.85834050759789
546,48.269696379779944,8.812614464380509
547,49.54348338592077,8.496393467909947
548,47.87828433486914,9.593117477395461
549,51.19524705208892,8.136208076839154
550,48.17172663891678,9.052954545956865
551,47.93866178065296,9.361596145172701
552,49.90229003892092,8.580907153631065
553,48.46810163695618,8.254198475093776
554,48.191789389262915,9.991058620905058
555,49.546910047766666,9.520112810518485
556,49.94146190394199,8.48671065426931
557,49.318786970495694,8.084611247201387
558,50.37004735418729,8.275858627142819
559,49.262409406239705,7.839374607930941
560,47.91571467244019,8.268442766249004
561,48.089382517348504,10.175495288578027
562,46.51968436241813,9.325709906354732
563,48.481859981015816,9.527863537828361
564,47.84214164149265,9.001971074985534
565,49.31636441208782,7.683133129381973
566,48.24271345162637,8.479711194897813
567,49.08462191611577,8.70271957784338
568,49.168432704156075,8.001917985004894
569,50.03242396227598,9.452781699541289
570,48.902801994234885,8.296676484988938
571,48.74188332636029,9.216120543119176
572,48.89598389958967,9.446353833707008
573,48.4720079525726,8.57215868086454
574,48.50352753846794,8.964379195717093
575,49.851537462853365,9.379674352717782
576,49.00657222049752,7.991086295816914
577,49.30819503088389,9.504368474768674
578,49.53373102028588,9.173470911477432
579,47.99145233934142,9.122373801440379
580,48.70068870129549,8.346766287932349
581,48.73621256757545,9.13751886829385
582,48.84945452283136,9.275312365383567
583,50.04757647792979,9.457527747061224
584,49.02945428364018,8.242152626247588
585,48.43525512494179,9.75467625100396
586,49.3424727871346,9.180700202256821
587,48.24295647753981,9.657864893684936
588,49.95047237110491,8.901763878494236
589,48.87528599421846,9.19879876943423
590,49.96753306380563,8.653067740272895
591,47.94461633730372,9.945890182256173
592,49.456842635042015,10.254401572161175
593,49.9251534428041,9.148515693952293
594,48.197524264340515,8.294721453772503
595,49.361473098998395,9.382067393883048
596,47.86696956367893,8.85485467031121
597,47.27687420004634,8.254663175535946
598,49.630773154654605,9.643649822576748
599,49.11476658807564,8.756750685840293
600,48.39134841978772,8.924668145440048
601,49.151833802343106,8.291103576793706
602,49.42195226094521,8.97668503792473
603,50.959030384045654,7.747893214691884
604,48.871533637039754,8.228089488454698
605,48.296083943139614,8.696905781435223
606,49.01606386892861,9.194880833828357
607,48.4286905498305,9.72866787050873
608,48.35475501392538,8.704453012614643
609,47.91070071609026,9.280585013787384
610,49.5866731135923,8.173536195455094
611,49.00947387234575,7.825624836972867
612,49.47999938377108,9.461593574995431
613,48.17566872373121,9.16788500103135
614,50.13903935118219,8.953251474240716
615,50.05378776674057,9.308784015993508
616,47.45113558066903,9.54211606136284
617,48.77065835855671,8.368719858588916
618,49.25020450374651,8.565878630210458
619,49.068616322202104,8.769605852707977
620,46.91218634706489,8.513761627762914
621,49.66107260070913,9.402105581102878
622,48.43253841214177,8.699989197401262
623,49.04703876074148,9.268077157458299
624,47.867623595695214,8.557246040029222
625,47.64040419978704,9.060034570279427
626,49.680912044095855,8.432206219819177
627,51.765729184737395,8.539590196351208
628,49.421238753644275,9.139754020554879
629,49.70207270556319,9.327825590330384
630,49.659012231345784,9.148772115103132
631,48.18617635451373,7.782643456561562
632,49.0889013170408,8.826511462281559
633,48.821298469057666,9.721193479449049
634,48.887431704512956,7.846696478485163
635,47.55952579966535,8.79874121804737
636,49.54666200255685,8.91631764877774
637,49.28808553485156,9.00303395452884
638,49.29097377616531,8.423325232262576
639,49.98634640065402,9.167937004193858
640,49.99641414318671,8.502997491318881
641,49.84665181276613,8.673877090972908
642,48.79740358139498,8.602217295295118
643,49.33627818951161,9.560903836069642
644,48.36176144382125,10.02560167432769
645,48.761825807525746,8.77932848499015
646,48.92673176282292,8.812983577629971
647,50.068794547657774,9.157194434413212
648,49.92596233771315,9.328816293130318
649,49.40155531271321,9.436922874884186
650,48.86742255570074,8.48623212055476
651,49.7417941323512,10.087412060095913
652,49.617191682445345,9.29832906195595
653,47.57885087946237,8.558603578022973
654,49.313492595579575,9.286129685956018
655,49.396354297561196,9.522487105636039
656,48.29985771691795,9.459392520009716
657,49.72297764251176,8.736190766947242
658,47.552033049770074,8.885301739182724
659,48.5406198417813,9.364622178228723
660,49.26669286940264,8.248421508054992
661,49.14525268463589,8.704716484385793
662,49.43256033136192,9.177393529560742
663,48.7257092155321,9.399667631757971
664,49.8902159252435,9.3043105177977
665,47.85167294968603,9.08318208107668
666,49.51309129799971,8.62506492799394
667,51.10016035470702,8.486044775360986
668,49.025010898382995,8.603788338208537
669,48.45071956893637,9.243376618337628
670,47.74532297843201,9.292206074589506
671,48.88091000636287,9.963868977740525
672,49.09338635681129,9.207203806359631
673,48.867472077809424,8.543885353116398
674,49.24840918583745,7.916386510006216
675,49.25415097294263,8.797705470347516
676,49.632710242745354,9.178364213471042
677,49.436803040029616,9.749900099045206
678,48.65393137334061,8.49924012004988
679,50.60358720890332,8.151720488974076
680,47.67273845951659,9.079224698066703
681,48.989653148609634,9.784297063560043
682,49.82161115440001,8.96405655751305
683,49.18761097028098,9.151882639751749
684,47.0556600307882,8.972965854001782
685,49.43994501229544,10.00452502421114
686,47.824911104984984,9.50199723434955
687,48.18447385854497,9.115864212153769
688,48.65806465989437,8.587487399813506
689,49.540889932582495,8.575496254846781
690,47.60228149062015,7.778919607374359
691,49.57403024586143,8.190328853825328
692,48.65756299021902,9.635980166657037
693,49.147105437260635,9.504631712210532
694,48.94193397965724,9.09019705957276
695,48.2587425242543,9.828191535007786
696,48.02734070386682,8.447213092786509
697,48.069112113933585,8.452182411034961
698,48.621400154204395,8.364057406150607
699,47.28674665567757,9.874012927771025
700,49.355194508012126,8.368741156553448
701,47.75485706164882,9.220584002152911
702,48.94523427105827,9.270693901163373
703,48.72301671015754,8.589563020293426
704,48.86066524956872,9.276619804654507
705,48.84084216502417,8.87288606625842
706,49.9503635226517,9.371643642749058
707,49.77287246580317,9.154566195430268
708,48.99411039117532,8.559125483118287
709,47.113590931650194,9.900717609585149
710,47.7053403461945,9.343714516939936
711,48.26740514068944,9.864371298572001
712,48.9486128939379,9.561853972076042
713,50.80668132247218,9.244278285148601
714,49.945920979629555,8.588510480902572
715,49.447775520953094,8.227527615194157
716,48.22575187113673,9.683097423755253
717,49.96734583302899,8.807054680140514
718,47.78291723839261,7.948627340280412
719,49.28318173855494,8.583125365031082
720,47.80568645714467,9.343855867265301
721,49.54253984498863,8.38183013187241
722,50.81525220012765,7.835532629089353
723,48.91967658677628,9.093144315729484
724,49.05665406256402,9.6631722958269
725,49.0469013465836,8.446480646003062
726,49.786055824056376,9.846111635420447
727,50.1053553379803,9.11705897573307
728,49.10840569821521,9.007011306594753
729,49.46461169513019,8.486062519426037
730,49.99353877238452,8.335081874672186
731,48.183220108335334,8.470082778794161
732,49.41173786570345,9.097490157047405
733,48.578745421152824,8.512828551809639
734,50.28967758596776,8.981270607548437
735,48.08059113057298,8.276966349392115
736,49.475931679675895,8.696650316128649
737,50.82647630893549,9.87720076902112
738,48.78444505558391,9.31384060977896
739,47.79658003880841,9.692508949637661
740,49.89437402905869,8.439891936743035
741,48.67915330879081,7.570968160979559
742,49.364241907093636,9.011184468851859
743,48.581321784516696,9.046440734175365
744,46.73431786783333,8.520907903531082
745,47.73646094494218,9.924803634261327
746,48.273258256144146,8.320742058992288
747,48.869409141691875,9.145685936203986
748,48.51749411871122,9.671190251465893
749,49.64545721633701,9.13316698024339
750,48.01807823670154,8.705861631997333
751,47.63337385494154,9.150892461306944
752,47.62333585902753,8.592097239541998
753,47.93637381886339,10.38295446080941
754,48.291192276447156,9.269139879626481
755,50.00752192653882,8.500535561450228
756,49.480351897245654,8.834414668323758
757,48.44545400347095,8.686921372760276
758,48.260293770310554,10.469187812088776
759,49.879481373812034,8.880814765676922
760,48.426666195226396,10.015642670155739
761,49.120110047963436,10.526882883638146
762,48.801140255667036,9.172151355944095
763,49.672709483883736,9.026647353084849
764,50.192414757576174,9.398238230556293
765,48.45333333700237,9.418412261183088
766,49.69353829182007,9.044923930252432
767,49.70769546118544,10.051576657803464
768,49.24390036727278,8.540073158764628
769,48.688233112433146,8.734557183326357
770,47.86373704057655,10.836656952354605
771,48.369808295078634,7.769690161501463
772,49.217553704345335,7.96788554627298
773,48.682780638329525,9.731243768148873
774,50.10065284941363,9.320931436394227
775,50.209729345605844,8.750718695101774
776,48.038665405958184,10.24994857407312
777,47.26733625449274,9.54045089514313
778,50.07966904431009,9.77848173177419
779,47.28257585627129,8.276091727931112
780,48.474742605328686,8.50952154031435
781,49.416470304297334,8.640447556550392
782,49.884756872713595,9.587971601075974
783,47.93586849933165,8.704507071275334
784,49.246871250080865,9.823304577872033
785,49.291136082895285,8.094237262197206
786,47.82288823768551,8.380265771564579
787,49.044288222421194,9.464167064143293
788,48.648907706773485,9.035349002189834
789,48.67637626217999,9.00986755845297
790,49.310289249317776,9.358668703751922
791,46.91386996143426,10.351395585381301
792,49.18081655593478,9.252443798175813
793,49.826398498205215,7.8795160773655635
794,46.989454123938195,8.911534916339043
795,50.359323529565955,9.133560736675753
796,50.13994267348684,9.315915072728263
797,49.07717689734801,8.581563633757344
798,48.50284686107856,9.334537741487516
799,50.15312353400489,9.102619164970836
800,48.54985330101008,8.23525020291638
801,48.753177092027755,9.44532573964286
802,47.66326690132777,8.962207288297842
803,48.33037264728303,8.026669512410564
804,49.23202975963364,9.388430239952148
805,50.04021401000342,8.946234667353945
806,49.45289140046999,9.27430734743761
807,49.30528524914672,8.289590877213312
808,48.520110666172535,9.262821452706413
809,48.7490808956645,8.507358676567538
810,49.96666303773369,8.46935914290157
811,49.66878543170284,8.653907027932494
812,48.91594398636438,8.672236486731071
813,50.165811007451424,8.14438180605155
814,48.60390950562029,8.504991701506091
815,47.85253084740136,8.217766370986093
816,49.01124735549923,9.555420755626844
817,48.566255886421104,8.506042424491486
818,49.04823373407215,10.350635134460521
819,50.67754437406136,9.27294937282765
820,48.492490178540976,9.53229859627017
821,49.16517867356412,8.657046214926227
822,47.83739757086904,8.895103470737656
823,47.906787865038865,8.347903780618875
824,46.635393585685094,8.653174493276708
825,50.76840534376827,8.389308957775853
826,50.00752734566822,9.255401240328183
827,48.85952875101512,9.818978899578548
828,48.893960024649,9.30776632908206
829,48.80733514476993,9.651505531027235
830,48.13678246483059,9.440406135985462
831,50.5640569103125,8.883690906750047
832,49.5319696973892,8.43427120459585
833,49.63941034560152,9.009753780175588
834,48.94760455867027,8.417680968300484
835,48.41850021369974,6.787967393010924
836,49.08304015935113,9.11555450116922
837,48.6633136471156,9.198123310070057
838,49.30802278499582,9.942824627890975
839,49.15477919567506,9.218746028169312
840,49.90581302467268,8.40556726371249
841,48.157591936101674,9.20743604610542
842,47.55346939471028,8.765103480137128
843,47.414145011180764,8.360788106188469
844,48.21150750322363,8.922256845774257
845,49.338658153093796,9.433992145831093
846,49.31820110233027,9.087598111120018
847,48.46091624622465,8.652736309267416
848,48.94824539096483,8.596313044693726
849,49.423814579003704,9.794559323739621
850,48.21442649473508,9.454232155475445
851,49.59511806512479,9.964457258007076
852,49.987412171082795,8.233756252894514
853,48.13318999835044,10.195518457686214
854,48.465188302230125,9.971970809051419
855,49.97789721047021,9.06415479492364
856,47.90225549597849,9.40252935265034
857,48.56286088536383,8.733590535663645
858,49.583317942149826,8.833785828827734
859,50.636903542509366,9.162905936183368
860,48.50881605005014,8.98789156917126
861,49.492869548066004,10.403375724762816
862,47.70580834380046,9.55737330246069
863,49.802316065345146,8.950760677761549
864,48.20149602037984,8.969743467559917
865,50.48918683052767,9.011557601562716
866,49.001035425214944,8.77307741083985
867,48.30742008293418,8.86248334907207
868,49.616405719417884,8.618506249500753
869,49.34748716909504,9.547150707178485
870,49.332724234596334,8.87025215599913
871,48.81537390333287,8.822495057695216
872,48.0722089900477,8.98493177502134
873,49.28892959440513,9.66555027993107
874,49.669069330384126,9.293014206137096
875,48.23264214011617,9.995085438969676
876,48.99347275672011,7.57489128074387
877,49.71027009513886,9.202176525695764
878,48.725547495140056,8.012273860886578
879,49.88574535395008,8.411873740777757
880,49.15012425427218,8.778399850186727
881,49.13770764530139,8.266451247709842
882,48.401484590279225,8.976844292071751
883,48.1610223128102,9.305040344419753
884,48.069890475437276,7.911741521292414
885,48.78441245341432,8.031148814489757
886,49.385867021908886,8.726383143906848
887,49.58020698583858,9.643459072190796
888,49.314665664486235,8.91372064528999
889,48.86907952982898,8.250231419003814
890,49.16971095383299,8.869879818734326
891,48.22508307316921,10.212455382875419
892,48.55269945352379,8.341621562916302
893,48.492116849819915,8.604388065724223
894,49.023544997362904,8.786365708114028
895,48.24650860861404,9.061128941358763
896,48.28701132397971,9.575977233326459
897,48.008737079461206,9.626756761580298
898,49.71885354522458,7.773040778165958
899,50.17420169086863,8.20618619427922
900,47.849503356261046,9.669562784658604
901,48.563136269365266,8.503468174941714
902,50.081164018544804,8.323615056677967
903,48.59144685009018,9.282290936888812
904,48.142374210347974,9.661967116341735
905,48.95840310186207,8.82413430866106
906,52.31864260103953,8.079066568816376
907,49.63408780447713,9.695987136823623
908,48.96517216407193,9.948409796437014
909,49.52454705659377,8.757259348731715
910,48.10200094587283,9.279857493242732
911,49.09636213307824,8.315622142201173
912,48.25603547851512,9.44789266777552
913,49.74847476229932,9.253978817771909
914,49.011701524654455,8.748564226987218
915,48.16619340369688,8.584048590590292
916,49.0543594394834,9.014000988290523
917,49.68545093994128,9.229978782172521
918,47.94816859245848,9.078337699535442
919,48.911712517975346,9.655576746710476
920,48.19247271123098,9.25142156070476
921,49.33086387932122,9.347360850750508
922,49.176909290565824,8.567016279837508
923,48.997203813251836,8.47469303470641
924,50.566891655563865,8.380845139084567
925,49.5397482862218,9.236051626977462
926,49.269417596345065,8.83425453961822
927,47.97123746635407,9.234296872500572
928,47.557096310640375,8.870611419597783
929,48.712888323374415,9.390252880991037
930,47.40737921736302,8.804184276680354
931,48.592175230455496,9.871362779644164
932,50.33293887911665,9.312034117293251
933,48.75486198142874,9.866336854166285
934,48.94859260398423,9.612054468189472
935,49.075021085218594,9.84614017987528
936,48.979148567473665,8.630501410458328
937,48.61491528468401,8.445906314387889
938,48.64271771004506,8.882539802717426
939,49.14647532282837,8.309118070912518
940,49.94377170342332,8.440027143236414
941,47.85197057210627,8.513178306301128
942,48.77370735180823,9.21998753293105
943,48.40520078889077,9.414404162050612
944,49.39795988615944,9.954751451774683
945,48.17468774584704,7.764547747479691
946,48.15632242196758,8.149852522587649
947,49.86966807329044,9.19297786622381
948,49.21871371341942,8.813405819620977
949,48.42298872935462,10.340481558465727
950,48.89364073938148,8.7201852652084
951,48.004565063623396,8.407863022802584
952,50.504270093291154,9.46119618902246
953,48.56815457158652,8.77351907367672
954,49.667581079732,8.942430264045099
955,49.13192489191161,8.357827677102089
956,50.99625296802531,8.223814938968662
957,48.831220827519374,9.550493166619301
958,49.00041091764966,8.527988450708285
959,48.31864489460451,8.11467053495219
960,49.968255503284574,8.038617192188012
961,48.69479277457024,9.161337730780794
962,49.031720432023285,8.955524674141806
963,47.93504977342532,8.825014707452672
964,50.342011259733354,8.864040639202074
965,48.968708297142896,7.897641220241795
966,49.35373443242807,10.006142942760198
967,50.47730036911733,8.511021916023596
968,48.36745092734133,8.649922311856832
969,49.676337369881566,9.107171905837662
970,48.71125217844502,7.994653106688093
971,49.39002606965848,9.78438493168035
972,49.11829690115775,8.13351113030424
973,49.40828080202492,8.590781849779892
974,48.42953588000644,8.21012178200035
975,49.61607055181391,9.38751192412902
976,48.016277044483786,8.835767677601176
977,48.42354006689538,9.12851992607209
978,48.48444711288399,8.448437727003435
979,48.26613017130434,8.634373157221008
980,47.981567665338325,8.347191893573648
981,49.511317084715174,8.967204363658315
982,48.29917403372505,9.535773400219796
983,49.6600450178002,9.33991670776832
984,49.59044709439894,8.634111277087243
985,51.432818936994565,8.753665449317923
986,49.46097530251787,8.643580772459666
987,48.82346877016672,8.574815101589666
988,49.9686682428797,9.822445637332644
989,48.73502153617372,8.435626273936174
990,49.2531512747207,9.132312431252803
991,48.54816429250639,9.127972056698523
992,49.46009501013226,8.836654494634576
993,49.76605351223514,9.208119350858297
994,49.71870119143075,8.290804259907224
995,48.61345601925921,9.232565394680538
996,50.300077729366166,7.9428551119088
997,49.37482299210964,7.656202991023875
998,48.44237266188026,8.327801006139502
999,49.149806130698224,10.030999765930908
1000,49.48248945345159,9.806092462458102
